City_ID,City,Lat,Lng,Max Temp,Humidity,Cloudiness,Wind Speed,Country,Date
0,Leh,34.1667,77.5833,20.8,59,28,6.85,IN,2021-04-24 00:30:56
1,Muros,42.7762,-9.0603,59.0,93,80,7.2,ES,2021-04-24 00:30:56
2,Kilindoni,-7.9139,39.6668,78.67,82,60,20.58,TZ,2021-04-24 00:30:57
3,Aklavik,68.2191,-135.0107,39.2,45,75,3.44,CA,2021-04-24 00:30:57
4,Santo Antonio Do Sudoeste,-26.0736,-53.7253,65.64,67,50,0.89,BR,2021-04-24 00:30:57
5,Rikitea,-23.1203,-134.9692,79.09,69,100,18.16,PF,2021-04-24 00:28:20
6,Bluff,-46.6,168.3333,55.99,78,99,1.99,NZ,2021-04-24 00:30:58
7,Mancio Lima,-7.6142,-72.8958,73.53,97,53,2.71,BR,2021-04-24 00:30:58
8,Meulaboh,4.1363,96.1285,78.1,84,100,3.51,ID,2021-04-24 00:30:59
9,Dikson,73.5069,80.5464,32.2,97,100,16.37,RU,2021-04-24 00:28:39
10,Srandakan,-7.9386,110.2506,79.95,73,0,2.93,ID,2021-04-24 00:30:59
11,Cape Town,-33.9258,18.4232,59.0,82,0,9.22,ZA,2021-04-24 00:30:50
12,Hun,29.1268,15.9477,66.02,53,3,17.25,LY,2021-04-24 00:31:00
13,Bengkulu,-3.8004,102.2655,76.6,83,100,2.66,ID,2021-04-24 00:31:00
14,Grojec,51.8625,20.8676,35.01,100,0,9.1,PL,2021-04-24 00:31:01
15,Watsa,3.0372,29.5355,61.45,98,100,2.57,CD,2021-04-24 00:31:01
16,Luderitz,-26.6481,15.1594,63.68,73,6,5.46,NA,2021-04-24 00:31:01
17,Ushuaia,-54.8,-68.3,42.8,93,75,10.36,AR,2021-04-24 00:27:47
18,Barrow,71.2906,-156.7887,24.8,80,1,5.75,US,2021-04-24 00:29:06
19,Rognan,67.0953,15.3878,32.0,76,78,1.1,NO,2021-04-24 00:31:02
20,Praia Da Vitoria,38.7333,-27.0667,57.2,72,40,33.49,PT,2021-04-24 00:31:03
21,Butaritari,3.0707,172.7902,82.38,76,96,8.39,KI,2021-04-24 00:27:37
22,Ostroleka,53.0862,21.5757,35.01,90,69,1.01,PL,2021-04-24 00:31:03
23,Ziro,27.6333,93.8333,55.72,72,0,2.08,IN,2021-04-24 00:31:04
24,Albany,42.6001,-73.9662,55.4,37,1,9.22,US,2021-04-24 00:28:41
25,Leningradskiy,69.3833,178.4167,29.08,83,99,3.71,RU,2021-04-24 00:29:50
26,Carnarvon,-24.8667,113.6333,68.0,56,2,8.05,AU,2021-04-24 00:31:04
27,Punta Arenas,-53.15,-70.9167,44.6,93,40,3.44,CL,2021-04-24 00:30:27
28,East London,-33.0153,27.9116,63.05,75,5,8.21,ZA,2021-04-24 00:31:05
29,Jalu,29.0331,21.5482,73.99,16,97,14.54,LY,2021-04-24 00:31:06
30,Kiunga,-6.1219,141.2906,89.64,60,17,1.01,PG,2021-04-24 00:31:06
31,Zhizdra,53.746,34.7395,39.2,70,100,6.71,RU,2021-04-24 00:31:06
32,Prince Rupert,54.3161,-130.3201,51.8,66,1,5.75,CA,2021-04-24 00:26:12
33,Dongsheng,39.8161,109.9776,56.05,46,100,6.51,CN,2021-04-24 00:31:07
34,Kodiak,57.79,-152.4072,41.0,81,90,5.75,US,2021-04-24 00:31:07
35,Pangai,-19.8,-174.35,84.2,74,40,4.61,TO,2021-04-24 00:31:08
36,Kapaa,22.0752,-159.319,78.8,65,40,14.97,US,2021-04-24 00:31:08
37,Tuktoyaktuk,69.4541,-133.0374,17.6,73,75,9.22,CA,2021-04-24 00:31:08
38,Jinchang,38.4953,102.1739,43.75,69,100,5.7,CN,2021-04-24 00:31:09
39,Lorengau,-2.0226,147.2712,81.19,79,100,6.89,PG,2021-04-24 00:30:48
40,Goundam,16.4145,-3.6708,86.86,11,48,4.16,ML,2021-04-24 00:31:10
41,Busselton,-33.65,115.3333,64.99,71,43,1.99,AU,2021-04-24 00:31:10
42,Atuona,-9.8,-139.0333,80.31,79,35,23.73,PF,2021-04-24 00:27:16
43,Sarangani,5.4033,125.4636,84.11,73,69,14.32,PH,2021-04-24 00:31:11
44,Olafsvik,64.8945,-23.7142,43.5,92,100,12.21,IS,2021-04-24 00:31:11
45,Alpena,45.0617,-83.4327,60.8,25,75,8.05,US,2021-04-24 00:31:11
46,Trincomalee,8.5711,81.2335,79.75,83,3,4.5,LK,2021-04-24 00:31:12
47,Arraial Do Cabo,-22.9661,-42.0278,74.26,76,84,11.56,BR,2021-04-24 00:30:46
48,Thompson,55.7435,-97.8558,26.6,39,40,12.66,CA,2021-04-24 00:26:33
49,Kyshtovka,56.555,76.6271,34.95,67,67,4.16,RU,2021-04-24 00:31:13
50,Tilichiki,60.4667,166.1,28.2,84,32,2.17,RU,2021-04-24 00:31:13
51,Ballina,-28.8667,153.5667,69.8,56,0,6.91,AU,2021-04-24 00:31:13
52,Havelock,34.8791,-76.9013,61.0,47,40,9.22,US,2021-04-24 00:31:14
53,Mataura,-46.1927,168.8643,55.0,78,76,3.0,NZ,2021-04-24 00:28:31
54,Provideniya,64.3833,-173.3,41.07,52,67,4.7,RU,2021-04-24 00:26:42
55,Lancaster,40.2504,-76.2499,57.2,30,1,11.5,US,2021-04-24 00:27:05
56,Puerto Ayora,-0.7393,-90.3518,77.0,95,14,5.01,EC,2021-04-24 00:31:15
57,Saint George,37.1041,-113.5841,81.0,9,1,23.02,US,2021-04-24 00:29:13
58,Mananjary,-21.2167,48.3333,70.68,93,74,6.98,MG,2021-04-24 00:31:15
59,Hanover,52.3705,9.7332,39.0,86,0,4.61,DE,2021-04-24 00:31:16
60,Velasco Ibarra,-1.05,-79.6167,76.14,84,97,2.06,EC,2021-04-24 00:31:16
61,Biloela,-24.4167,150.5,77.97,27,8,4.65,AU,2021-04-24 00:31:16
62,Vaini,-21.2,-175.2,86.0,74,20,6.91,TO,2021-04-24 00:28:17
63,Saskylakh,71.9167,114.0833,33.96,96,100,21.05,RU,2021-04-24 00:31:17
64,Port Blair,11.6667,92.75,83.01,63,100,4.25,IN,2021-04-24 00:31:17
65,Isangel,-19.55,169.2667,86.0,74,75,11.03,VU,2021-04-24 00:31:18
66,Hami,42.8,93.45,46.47,24,100,12.08,CN,2021-04-24 00:31:18
67,Jamestown,42.097,-79.2353,50.0,43,1,13.8,US,2021-04-24 00:29:10
68,Halifax,44.6453,-63.5724,46.4,49,83,4.61,CA,2021-04-24 00:27:56
69,Lobito,-12.3481,13.5456,80.04,87,92,4.23,AO,2021-04-24 00:31:19
70,Vila Do Maio,15.1333,-23.2167,69.8,73,20,13.8,CV,2021-04-24 00:31:19
71,Qaanaaq,77.484,-69.3632,18.12,84,100,5.73,GL,2021-04-24 00:28:21
72,Saldanha,-33.0117,17.9442,53.6,82,92,3.44,ZA,2021-04-24 00:31:20
73,Lagoa,39.05,-27.9833,57.51,76,51,32.77,PT,2021-04-24 00:31:20
74,Sinop,41.7711,34.8709,50.81,48,100,1.28,TR,2021-04-24 00:31:21
75,Vardo,70.3705,31.1107,34.61,65,100,12.55,NO,2021-04-24 00:31:21
76,Abu Samrah,35.3029,37.1841,65.01,30,17,3.85,SY,2021-04-24 00:31:22
77,Cherskiy,68.75,161.3,25.43,90,100,5.28,RU,2021-04-24 00:30:08
78,Half Moon Bay,37.4636,-122.4286,61.0,87,75,5.75,US,2021-04-24 00:29:41
79,Shahreza,32.0339,51.8794,64.15,34,100,1.5,IR,2021-04-24 00:31:23
80,Kavieng,-2.5744,150.7967,81.66,75,97,3.76,PG,2021-04-24 00:28:40
81,Pisco,-13.7,-76.2167,66.99,82,0,10.36,PE,2021-04-24 00:31:22
82,Upernavik,72.7868,-56.1549,28.08,84,100,3.56,GL,2021-04-24 00:31:24
83,Coquimbo,-29.9533,-71.3436,57.2,82,0,4.61,CL,2021-04-24 00:31:24
84,Male,4.1748,73.5089,84.2,79,75,12.66,MV,2021-04-24 00:30:44
85,Coos Bay,43.3665,-124.2179,54.0,71,75,6.91,US,2021-04-24 00:29:42
86,Bilibino,68.0546,166.4372,24.58,79,78,3.09,RU,2021-04-24 00:31:25
87,Longyearbyen,78.2186,15.6401,15.8,67,75,8.05,SJ,2021-04-24 00:26:35
88,Bubaque,11.2833,-15.8333,77.68,71,28,16.75,GW,2021-04-24 00:31:26
89,Vysokogornyy,50.1167,139.15,35.38,82,97,5.48,RU,2021-04-24 00:31:26
90,Sesheke,-17.4759,24.2968,60.08,61,0,4.07,ZM,2021-04-24 00:31:27
91,Urumqi,43.801,87.6005,33.8,69,75,6.71,CN,2021-04-24 00:30:03
92,Asau,46.4333,26.4,36.0,67,67,2.46,RO,2021-04-24 00:31:27
93,Hobart,-42.8794,147.3294,57.2,62,75,12.66,AU,2021-04-24 00:29:45
94,Garissa,-0.4536,39.6401,78.55,77,66,10.22,KE,2021-04-24 00:31:28
95,Kahului,20.8947,-156.47,82.4,47,40,26.46,US,2021-04-24 00:27:06
96,Saint-Augustin,51.226,-58.6502,32.43,96,100,12.84,CA,2021-04-24 00:31:28
97,Hermanus,-34.4187,19.2345,55.0,90,85,1.01,ZA,2021-04-24 00:28:49
98,Cabo San Lucas,22.8909,-109.9124,82.4,57,20,11.5,MX,2021-04-24 00:29:10
99,Benghazi,32.1167,20.0667,74.95,29,32,22.55,LY,2021-04-24 00:31:29
100,Cairns,-16.9167,145.7667,81.0,78,75,14.97,AU,2021-04-24 00:31:30
101,Cidreira,-30.1811,-50.2056,70.65,79,1,17.4,BR,2021-04-24 00:28:32
102,Nome,64.5011,-165.4064,41.0,60,1,5.75,US,2021-04-24 00:31:30
103,Yellowknife,62.456,-114.3525,17.6,53,75,11.5,CA,2021-04-24 00:31:31
104,Annau,37.8876,58.516,64.4,68,40,4.61,TM,2021-04-24 00:31:31
105,Eyl,7.9803,49.8164,82.38,75,87,7.34,SO,2021-04-24 00:31:31
106,Chokurdakh,70.6333,147.9167,8.4,85,19,1.34,RU,2021-04-24 00:31:32
107,Arlit,18.7369,7.3853,83.43,7,95,6.49,NE,2021-04-24 00:31:32
108,Los Llanos De Aridane,28.6585,-17.9182,68.0,60,0,6.91,ES,2021-04-24 00:27:55
109,Norman Wells,65.282,-126.8329,33.8,37,75,14.97,CA,2021-04-24 00:31:33
110,Laviana,43.2333,-5.5333,60.01,73,45,7.16,ES,2021-04-24 00:31:33
111,Narsaq,60.9167,-46.05,39.2,65,0,2.3,GL,2021-04-24 00:31:33
112,Lasa,46.6166,10.7002,46.0,65,0,4.61,IT,2021-04-24 00:29:22
113,Owando,-0.4819,15.8999,68.83,98,100,2.64,CG,2021-04-24 00:31:34
114,Santa Cruz Del Sur,20.7147,-77.9956,79.99,64,46,9.24,CU,2021-04-24 00:31:34
115,Castro,-24.7911,-50.0119,54.59,73,13,3.56,BR,2021-04-24 00:31:35
116,Avarua,-21.2078,-159.775,82.4,74,40,20.71,CK,2021-04-24 00:31:35
117,Tateyama,34.9833,139.8667,60.8,63,75,10.36,JP,2021-04-24 00:31:36
118,Port Alfred,-33.5906,26.891,65.61,72,0,17.52,ZA,2021-04-24 00:31:36
119,Avera,33.194,-82.5271,64.4,39,1,3.44,US,2021-04-24 00:29:49
120,Bethel,41.3712,-73.414,60.8,20,1,10.36,US,2021-04-24 00:31:37
121,College,64.8569,-147.8028,59.0,26,20,8.05,US,2021-04-24 00:30:47
122,Goderich,43.7501,-81.7165,50.0,53,99,10.36,CA,2021-04-24 00:31:37
123,Inta,66.0317,60.1659,33.24,93,12,6.35,RU,2021-04-24 00:31:38
124,Katsuura,35.1333,140.3,62.01,58,75,5.75,JP,2021-04-24 00:31:38
125,Jeremoabo,-10.075,-38.4808,73.22,93,51,5.79,BR,2021-04-24 00:31:38
126,Vestmannaeyjar,63.4427,-20.2734,46.35,90,100,18.1,IS,2021-04-24 00:31:39
127,Koulamoutou,-1.1303,12.4736,71.87,97,100,1.66,GA,2021-04-24 00:31:39
128,Sao Manuel,-22.7311,-48.5706,69.8,56,0,4.61,BR,2021-04-24 00:31:40
129,Oranjemund,-28.55,16.4333,58.82,90,33,3.2,NA,2021-04-24 00:31:40
130,Katobu,-4.9408,122.5276,84.07,68,3,1.61,ID,2021-04-24 00:31:40
131,Khatanga,71.9667,102.5,33.13,96,100,19.46,RU,2021-04-24 00:31:41
132,Hobyo,5.3505,48.5268,82.87,74,96,8.99,SO,2021-04-24 00:31:41
133,Bilma,18.6853,12.9164,85.69,10,0,8.72,NE,2021-04-24 00:31:42
134,Victoria,22.2855,114.1577,77.0,86,74,4.0,HK,2021-04-24 00:31:42
135,Cockburn Town,21.4612,-71.1419,78.8,73,40,11.5,TC,2021-04-24 00:30:18
136,Zhangjiakou,40.81,114.8794,58.24,60,5,5.95,CN,2021-04-24 00:31:43
137,Fare,-16.7,-151.0167,79.9,74,100,11.16,PF,2021-04-24 00:31:43
138,Rawson,-43.3002,-65.1023,55.53,64,4,16.75,AR,2021-04-24 00:31:43
139,Abha,18.2164,42.5053,64.4,36,0,1.68,SA,2021-04-24 00:31:44
140,Korla,41.7597,86.1469,45.37,48,14,7.09,CN,2021-04-24 00:31:45
141,Bredasdorp,-34.5322,20.0403,50.0,93,88,2.3,ZA,2021-04-24 00:31:45
142,Souillac,-20.5167,57.5167,78.8,83,40,11.5,MU,2021-04-24 00:30:25
143,Nikolskoye,59.7035,30.7861,37.0,86,40,2.24,RU,2021-04-24 00:28:40
144,San-Pedro,4.7485,-6.6363,79.61,86,100,6.46,CI,2021-04-24 00:31:46
145,Tiksi,71.6872,128.8694,15.44,82,100,11.41,RU,2021-04-24 00:31:46
146,Upata,8.0086,-62.3989,82.99,76,93,1.01,VE,2021-04-24 00:31:47
147,Wells,51.2079,-2.649,44.6,57,96,10.36,GB,2021-04-24 00:31:47
148,Hollins,37.3413,-79.9431,54.0,46,60,4.25,US,2021-04-24 00:31:47
149,Hirara,24.8,125.2833,75.2,73,40,17.27,JP,2021-04-24 00:31:48
150,Santa Maria,-29.6842,-53.8069,66.2,72,0,3.44,BR,2021-04-24 00:29:25
151,Rocha,-34.4833,-54.3333,62.69,95,39,9.28,UY,2021-04-24 00:31:48
152,Walla Walla,46.0646,-118.343,68.0,29,1,6.91,US,2021-04-24 00:31:49
153,Bambous Virieux,-20.3428,57.7575,78.8,83,40,11.5,MU,2021-04-24 00:31:49
154,Alofi,-19.0595,-169.9187,86.0,70,24,9.22,NU,2021-04-24 00:31:50
155,Mahebourg,-20.4081,57.7,78.8,83,40,11.5,MU,2021-04-24 00:31:50
156,Henties Bay,-22.116,14.2845,61.0,90,13,5.99,NA,2021-04-24 00:31:50
157,Dergachi,51.2328,48.7659,44.64,93,100,4.34,RU,2021-04-24 00:31:51
158,Apold,46.1167,24.8167,42.8,75,75,3.44,RO,2021-04-24 00:31:51
159,Chuy,-33.6971,-53.4616,65.89,87,0,11.05,UY,2021-04-24 00:31:52
160,Bud,39.447,-86.1758,57.2,44,90,4.61,US,2021-04-24 00:31:52
161,Hasaki,35.7333,140.8333,62.01,63,20,3.44,JP,2021-04-24 00:28:21
162,Acajutla,13.5928,-89.8275,75.0,91,14,3.0,SV,2021-04-24 00:31:52
163,Zemio,5.0314,25.1361,68.2,98,100,2.44,CF,2021-04-24 00:31:53
164,Mumford,5.2618,-0.759,81.73,85,100,10.76,GH,2021-04-24 00:31:53
165,Airai,-8.9266,125.4092,71.64,54,6,3.47,TL,2021-04-24 00:31:54
166,Marfino,55.7028,37.3822,42.01,93,90,4.47,RU,2021-04-24 00:31:54
167,Bukachacha,52.9833,116.9167,42.75,24,100,5.44,RU,2021-04-24 00:31:54
168,Naze,28.3667,129.4833,68.0,77,75,25.32,JP,2021-04-24 00:31:55
169,Tual,-5.6667,132.75,84.18,73,100,16.64,ID,2021-04-24 00:31:55
170,Kauhajoki,62.4333,22.1833,33.01,100,90,10.36,FI,2021-04-24 00:31:56
171,Quatre Cocos,-20.2078,57.7625,78.8,83,40,11.5,MU,2021-04-24 00:31:56
172,Chibuto,-24.6867,33.5306,62.87,95,96,3.13,MZ,2021-04-24 00:31:57
173,Kaeo,-35.1,173.7833,71.01,67,1,5.99,NZ,2021-04-24 00:31:57
174,Mocuba,-16.8392,36.9856,65.12,97,3,2.04,MZ,2021-04-24 00:31:58
175,Corum,40.5,34.75,48.56,44,100,2.39,TR,2021-04-24 00:31:58
176,New Norfolk,-42.7826,147.0587,55.99,78,99,5.01,AU,2021-04-24 00:28:55
177,Shyryayeve,47.3805,30.1964,39.22,83,3,7.54,UA,2021-04-24 00:31:59
178,Fortuna,40.5982,-124.1573,55.99,87,20,12.66,US,2021-04-24 00:30:31
179,Myitkyina,25.3833,97.4,83.37,40,8,0.69,MM,2021-04-24 00:31:59
180,Palauig,15.435,119.9045,82.89,64,30,6.64,PH,2021-04-24 00:31:59
181,Teguise,29.0605,-13.564,68.0,73,20,5.75,ES,2021-04-24 00:32:00
182,Tezu,27.9167,96.1667,81.81,23,6,1.12,IN,2021-04-24 00:32:00
183,Beya,53.0533,90.9139,33.62,88,100,1.97,RU,2021-04-24 00:32:01
184,Ketchikan,55.3422,-131.6461,60.8,27,1,5.06,US,2021-04-24 00:32:01
185,Vostok,46.4856,135.8833,36.77,97,100,3.91,RU,2021-04-24 00:28:18
186,Georgetown,5.4112,100.3354,78.01,94,40,4.61,MY,2021-04-24 00:27:58
187,Rovaniemi,66.5,25.7167,28.4,100,90,17.27,FI,2021-04-24 00:32:02
188,Zonguldak,41.25,31.8333,47.53,79,100,3.71,TR,2021-04-24 00:32:02
189,Baghdad,33.3406,44.4009,68.0,34,0,8.05,IQ,2021-04-24 00:28:39
190,Shetpe,44.1667,52.1167,49.89,80,0,6.08,KZ,2021-04-24 00:32:03
191,Namatanai,-3.6667,152.4333,81.91,74,98,4.18,PG,2021-04-24 00:32:03
192,Beira,-19.8436,34.8389,71.6,88,0,1.5,MZ,2021-04-24 00:32:04
193,Hilo,19.7297,-155.09,82.4,51,75,11.5,US,2021-04-24 00:31:23
194,Kundla,21.3333,71.3,78.21,60,85,5.48,IN,2021-04-24 00:32:04
195,Kamaishi,39.2667,141.8833,51.8,54,0,2.3,JP,2021-04-24 00:32:05
196,Russell,32.3502,-85.1999,69.8,34,1,6.91,US,2021-04-24 00:32:05
197,Tres Picos,15.8667,-93.5333,82.47,73,100,4.23,MX,2021-04-24 00:32:05
198,Yashkul,46.1711,45.3435,53.8,62,100,6.06,RU,2021-04-24 00:32:06
199,Puerto Del Rosario,28.5004,-13.8627,69.8,68,0,4.61,ES,2021-04-24 00:32:06
200,Tete,-16.1564,33.5867,71.6,78,0,3.74,MZ,2021-04-24 00:32:07
201,Seymchan,62.8833,152.4333,17.42,77,100,18.05,RU,2021-04-24 00:32:07
202,Komsomolskiy,40.4272,71.7189,48.2,61,100,4.61,UZ,2021-04-24 00:32:07
203,Aksay,47.26,39.87,51.8,87,20,6.71,RU,2021-04-24 00:32:08
204,Ondo,7.1,4.8333,74.23,96,100,1.9,NG,2021-04-24 00:32:08
205,Sorland,67.667,12.6934,36.73,52,96,21.88,NO,2021-04-24 00:32:08
206,Vila Franca Do Campo,37.7167,-25.4333,57.2,72,20,12.66,PT,2021-04-24 00:32:09
207,Harper,4.375,-7.7169,80.85,82,75,8.12,LR,2021-04-24 00:32:09
208,Ningyang,35.7642,116.7914,58.64,71,100,16.8,CN,2021-04-24 00:32:10
209,Sao Filipe,14.8961,-24.4956,71.83,73,7,9.1,CV,2021-04-24 00:32:10
210,Panzhihua,26.5851,101.7128,74.25,29,98,2.04,CN,2021-04-24 00:32:11
211,Victor Harbor,-35.5667,138.6167,63.0,74,97,6.11,AU,2021-04-24 00:32:11
212,Aranos,-24.1333,19.1167,63.46,29,0,11.07,NA,2021-04-24 00:32:11
213,Touros,-5.1989,-35.4608,78.8,89,40,4.61,BR,2021-04-24 00:32:12
214,Kaitangata,-46.2817,169.8464,57.99,63,100,1.99,NZ,2021-04-24 00:32:12
215,Tuatapere,-46.1333,167.6833,55.99,78,85,1.99,NZ,2021-04-24 00:32:13
216,Roald,62.5833,6.1333,33.01,93,75,4.61,NO,2021-04-24 00:32:13
217,Salinas,36.6777,-121.6555,59.0,62,90,13.8,US,2021-04-24 00:32:13
218,Port Moresby,-9.4431,147.1797,87.8,66,20,5.75,PG,2021-04-24 00:32:14
219,San Rafael,-34.6177,-68.3301,60.82,63,0,3.06,AR,2021-04-24 00:32:14
220,Bani Walid,31.7566,13.9942,59.34,78,100,21.83,LY,2021-04-24 00:32:15
221,Kalabo,-14.97,22.6814,64.2,56,13,4.09,ZM,2021-04-24 00:32:15
222,Margate,51.3813,1.3862,46.0,74,73,1.01,GB,2021-04-24 00:30:23
223,Magistralnyy,56.1725,107.4458,33.55,75,100,3.49,RU,2021-04-24 00:32:16
224,Esperance,-33.8667,121.9,57.2,88,100,11.5,AU,2021-04-24 00:28:29
225,Gangoh,29.7667,77.25,66.76,55,0,4.79,IN,2021-04-24 00:32:16
226,Grand Gaube,-20.0064,57.6608,75.99,84,97,18.63,MU,2021-04-24 00:32:17
227,Sigli,5.3848,95.9609,80.33,74,100,3.74,ID,2021-04-24 00:32:17
228,Port Keats,-14.25,129.55,84.97,24,84,14.56,AU,2021-04-24 00:32:18
229,Iqaluit,63.7506,-68.5145,28.4,93,90,3.44,CA,2021-04-24 00:32:18
230,Dauphin,51.1494,-100.0502,37.4,32,20,5.75,CA,2021-04-24 00:32:18
231,Shimoda,34.6667,138.95,60.8,63,75,10.36,JP,2021-04-24 00:32:19
232,Sioux Lookout,50.1001,-91.917,28.4,93,90,11.5,CA,2021-04-24 00:32:19
233,Guerrero Negro,27.9769,-114.0611,60.98,71,0,22.06,MX,2021-04-24 00:30:39
234,Dudinka,69.4058,86.1778,31.64,97,100,17.45,RU,2021-04-24 00:32:20
235,Caravelas,-17.7125,-39.2481,73.71,85,0,4.29,BR,2021-04-24 00:32:20
236,Talcahuano,-36.7167,-73.1167,55.4,94,20,6.91,CL,2021-04-24 00:32:20
237,Doctor Mora,21.1417,-100.3125,84.2,15,40,16.11,MX,2021-04-24 00:32:21
238,Krasnoselkup,65.7,82.4667,30.97,91,100,16.44,RU,2021-04-24 00:32:21
239,Ambilobe,-13.2,49.05,70.57,86,91,2.93,MG,2021-04-24 00:32:22
240,Belmonte,-15.8631,-38.8828,78.8,73,0,6.91,BR,2021-04-24 00:32:22
241,Gillette,44.2911,-105.5022,33.8,69,90,10.36,US,2021-04-24 00:32:22
242,Sinazongwe,-17.2614,27.4618,68.95,61,3,2.91,ZM,2021-04-24 00:32:23
243,Santa Cruz Del Norte,23.1539,-81.9236,80.6,78,40,13.8,CU,2021-04-24 00:32:23
244,Knysna,-34.0363,23.0471,57.2,100,80,3.44,ZA,2021-04-24 00:32:24
245,Galesong,-5.3166,119.3661,77.0,94,20,2.3,ID,2021-04-24 00:32:24
246,Ust-Charyshskaya Pristan,52.3934,83.6635,33.33,76,100,5.12,RU,2021-04-24 00:32:24
247,Beroroha,-21.6667,45.1667,68.72,80,0,4.0,MG,2021-04-24 00:32:25
248,Erzin,36.9559,36.2,62.01,60,99,8.99,TR,2021-04-24 00:32:25
249,Zhaoyang,42.682,126.0305,61.75,51,88,9.46,CN,2021-04-24 00:32:26
250,Ilulissat,69.2167,-51.1,33.8,60,100,9.22,GL,2021-04-24 00:32:26
251,Klaksvik,62.2266,-6.589,42.8,100,75,4.61,FO,2021-04-24 00:32:26
252,Flinders,-34.5833,150.8552,66.99,57,100,1.99,AU,2021-04-24 00:32:27
253,Gigmoto,13.7796,124.39,83.03,74,100,3.96,PH,2021-04-24 00:32:27
254,Agropoli,40.3469,14.9966,57.0,69,100,8.01,IT,2021-04-24 00:32:28
255,Petropavlovsk-Kamchatskiy,53.0452,158.6483,42.8,70,90,2.24,RU,2021-04-24 00:31:15
256,Sola,-13.8833,167.55,87.8,74,40,4.61,VU,2021-04-24 00:32:28
257,Oranjestad,12.524,-70.027,81.0,78,20,23.02,AW,2021-04-24 00:30:23
258,Sharjah,25.3573,55.4033,82.4,49,0,3.44,AE,2021-04-24 00:32:29
259,Ubinskoye,55.3068,79.6802,34.38,75,2,4.52,RU,2021-04-24 00:32:29
260,Weligama,5.9667,80.4167,78.1,87,84,5.53,LK,2021-04-24 00:32:30
261,Sayhat,26.4852,50.0405,73.4,49,0,4.61,SA,2021-04-24 00:32:30
262,Banda Aceh,5.5577,95.3222,80.42,75,100,11.32,ID,2021-04-24 00:29:38
263,Torbay,47.6666,-52.7314,37.99,93,75,18.41,CA,2021-04-24 00:30:28
264,Wiang Sa,8.6359,99.3666,80.01,93,100,2.13,TH,2021-04-24 00:32:31
265,Skegness,53.1436,0.3363,45.0,61,40,3.44,GB,2021-04-24 00:32:31
266,Banes,20.9625,-75.7186,80.6,65,20,12.66,CU,2021-04-24 00:32:31
267,Nhulunbuy,-12.2333,136.7667,86.0,48,86,19.57,AU,2021-04-24 00:32:32
268,Port Elizabeth,-33.918,25.5701,60.8,88,0,2.3,ZA,2021-04-24 00:31:24
269,Panalingaan,8.7842,117.4231,81.68,80,100,6.15,PH,2021-04-24 00:32:32
270,Garowe,8.4054,48.4845,76.64,74,59,9.24,SO,2021-04-24 00:32:33
271,Pevek,69.7008,170.3133,16.12,86,54,0.38,RU,2021-04-24 00:28:37
272,Husavik,66.0449,-17.3389,39.2,87,0,2.3,IS,2021-04-24 00:32:33
273,Yuksekova,37.5736,44.2872,48.2,57,0,6.91,TR,2021-04-24 00:32:34
274,Tiarei,-17.5333,-149.3333,86.0,70,40,9.22,PF,2021-04-24 00:32:34
275,Wladyslawowo,54.7909,18.4009,34.0,75,0,3.44,PL,2021-04-24 00:32:35
276,Chirongui,-12.9319,45.1483,78.8,89,75,10.36,YT,2021-04-24 00:32:35
277,Jaciara,-15.9653,-54.9683,70.25,60,7,2.35,BR,2021-04-24 00:32:35
278,Kazaki,52.6248,38.2649,43.75,92,100,13.15,RU,2021-04-24 00:32:36
279,Geraldton,-28.7667,114.6,64.4,63,75,6.91,AU,2021-04-24 00:32:36
280,Lebu,-37.6167,-73.65,52.95,92,19,6.35,CL,2021-04-24 00:29:52
281,Karratha,-20.7377,116.8463,82.9,21,0,17.52,AU,2021-04-24 00:32:37
282,Nizwa,22.9333,57.5333,75.29,25,0,1.07,OM,2021-04-24 00:32:37
283,Inhambane,-23.865,35.3833,66.31,88,90,4.85,MZ,2021-04-24 00:32:38
284,Palmerston North,-40.35,175.6167,66.0,71,42,8.99,NZ,2021-04-24 00:32:38
285,Vila Velha,-20.3297,-40.2925,77.0,73,75,8.05,BR,2021-04-24 00:32:32
286,Tasiilaq,65.6145,-37.6368,37.4,52,75,18.41,GL,2021-04-24 00:28:43
287,Saint-Philippe,-21.3585,55.7679,77.0,83,90,19.57,RE,2021-04-24 00:32:39
288,Champerico,14.3,-91.9167,84.2,79,90,9.22,GT,2021-04-24 00:32:40
289,Bandarbeyla,9.4942,50.8122,82.56,74,68,4.9,SO,2021-04-24 00:32:40
290,Pokhvistnevo,53.6524,52.1274,45.19,94,100,6.4,RU,2021-04-24 00:32:40
291,Biltine,14.5333,20.9167,85.26,13,96,8.72,TD,2021-04-24 00:32:41
292,Oussouye,12.485,-16.5469,75.2,88,0,6.91,SN,2021-04-24 00:32:41
293,Inuvik,68.3499,-133.7218,37.4,44,100,4.61,CA,2021-04-24 00:29:12
294,Punta Alta,-38.8759,-62.0736,63.95,73,99,2.04,AR,2021-04-24 00:32:42
295,Bairiki,1.3292,172.9752,87.8,70,20,8.05,KI,2021-04-24 00:32:42
296,Truckee,39.328,-120.1833,60.8,29,1,14.97,US,2021-04-24 00:30:04
297,Zyryanka,65.75,150.85,14.23,90,100,23.17,RU,2021-04-24 00:32:43
298,Lata,40.1629,-8.3327,60.01,91,98,4.7,PT,2021-04-24 00:31:35
299,Savannah Bight,16.45,-85.85,82.4,74,20,4.61,HN,2021-04-24 00:32:43
300,Boisar,19.8,72.75,79.27,63,63,2.48,IN,2021-04-24 00:32:44
301,Gorey,52.6747,-6.2925,37.0,84,100,6.44,IE,2021-04-24 00:32:44
302,Koulikoro,14.0,-7.75,87.73,28,27,5.3,ML,2021-04-24 00:32:44
303,Kroya,-7.6331,109.2461,80.33,71,0,2.04,ID,2021-04-24 00:32:45
304,Mazyr,52.0495,29.2456,33.06,82,5,11.12,BY,2021-04-24 00:32:45
305,Cap Malheureux,-19.9842,57.6142,75.99,84,96,18.05,MU,2021-04-24 00:31:06
306,Acapulco,16.8634,-99.8901,82.4,74,90,9.22,MX,2021-04-24 00:31:21
307,Pampa,35.5362,-100.9599,57.2,58,75,11.5,US,2021-04-24 00:32:46
308,Coihaique,-45.5752,-72.0662,48.2,76,75,6.91,CL,2021-04-24 00:29:14
309,Eldorado,-23.7869,-54.2836,68.18,61,25,6.08,BR,2021-04-24 00:28:58
310,Nantucket,41.2835,-70.0995,46.4,71,1,21.85,US,2021-04-24 00:28:07
311,Rosetown,51.5501,-108.0014,39.99,19,100,5.75,CA,2021-04-24 00:32:47
312,Payo,-3.7508,103.6372,76.06,82,2,1.45,ID,2021-04-24 00:32:47
313,Christchurch,-43.5333,172.6333,66.2,55,9,8.05,NZ,2021-04-24 00:31:58
314,Salalah,17.0151,54.0924,82.4,74,40,3.44,OM,2021-04-24 00:31:05
315,Udachnyy,66.4167,112.4,33.35,91,35,10.45,RU,2021-04-24 00:32:48
316,Baherden,38.4362,57.4316,65.98,58,82,5.08,TM,2021-04-24 00:32:48
317,Hithadhoo,-0.6,73.0833,82.4,71,17,7.09,MV,2021-04-24 00:31:52
318,Madang,-5.2246,145.7966,76.93,94,100,3.98,PG,2021-04-24 00:32:49
319,Fuling,29.7022,107.3919,68.18,92,100,2.55,CN,2021-04-24 00:32:49
320,Tambopata,-12.7333,-69.1833,73.26,96,98,1.66,PE,2021-04-24 00:32:50
321,Clyde River,70.4692,-68.5914,15.8,92,90,2.3,CA,2021-04-24 00:32:50
322,Shizunai,42.3339,142.3669,48.33,68,100,4.12,JP,2021-04-24 00:32:50
323,Balingasay,16.3573,119.8564,81.43,70,3,10.11,PH,2021-04-24 00:32:51
324,Padang,-0.9492,100.3543,75.2,88,20,2.3,ID,2021-04-24 00:32:51
325,Port Macquarie,-31.4333,152.9167,71.01,54,25,1.01,AU,2021-04-24 00:32:52
326,Ponta Do Sol,32.6667,-17.1,61.0,79,52,1.99,PT,2021-04-24 00:29:41
327,Kavaratti,10.5669,72.642,84.34,68,42,6.08,IN,2021-04-24 00:32:52
328,Varhaug,58.6147,5.6457,37.99,83,100,3.0,NO,2021-04-24 00:31:11
329,The Valley,18.217,-63.0578,79.0,78,20,10.36,AI,2021-04-24 00:32:53
330,Auki,-8.7676,160.7034,85.14,67,44,2.24,SB,2021-04-24 00:30:21
331,Kalmunai,7.4167,81.8167,79.97,81,21,1.7,LK,2021-04-24 00:32:53
332,Wagar,16.1525,36.2032,86.07,38,93,4.63,SD,2021-04-24 00:32:54
333,Canutama,-6.5339,-64.3831,74.75,95,21,2.37,BR,2021-04-24 00:32:54
334,Itarsi,22.6167,77.75,82.13,19,99,3.02,IN,2021-04-24 00:32:55
335,Beloha,-25.1667,45.05,69.22,74,0,11.41,MG,2021-04-24 00:32:55
336,Aripuana,-9.1667,-60.6333,73.2,96,42,0.85,BR,2021-04-24 00:32:56
337,Finale Ligure,44.1695,8.3436,55.0,62,0,1.99,IT,2021-04-24 00:32:56
338,Sisimiut,66.9395,-53.6735,32.74,70,100,3.62,GL,2021-04-24 00:32:43
339,Kununurra,-15.7667,128.7333,82.4,26,17,14.97,AU,2021-04-24 00:32:56
340,San Cristobal,7.7669,-72.225,84.2,70,20,2.3,VE,2021-04-24 00:31:13
341,Kruisfontein,-34.0033,24.7314,59.0,92,90,1.99,ZA,2021-04-24 00:32:57
342,Cheremukhovo,60.3484,59.9851,36.86,93,25,1.74,RU,2021-04-24 00:32:57
343,Alice Springs,-23.7,133.8833,64.4,42,0,11.5,AU,2021-04-24 00:31:13
344,Bajil,15.0584,43.2851,80.49,66,3,2.89,YE,2021-04-24 00:32:58
345,Urcos,-13.6861,-71.6228,57.2,47,20,6.91,PE,2021-04-24 00:32:58
346,Mayo,38.8876,-76.5119,55.99,55,100,6.93,US,2021-04-24 00:32:59
347,Ondjiva,-17.0667,15.7333,64.83,32,15,8.1,AO,2021-04-24 00:32:59
348,Kula,38.5473,28.6498,52.77,68,11,5.06,TR,2021-04-24 00:32:59
349,Mortka,59.3322,66.0214,43.97,94,100,4.21,RU,2021-04-24 00:33:00
350,Dunedin,-45.8742,170.5036,57.99,74,75,4.0,NZ,2021-04-24 00:29:38
351,Abaete,-19.16,-45.4458,66.04,61,0,1.74,BR,2021-04-24 00:33:01
352,Nchelenge,-9.3451,28.734,67.57,78,75,4.54,ZM,2021-04-24 00:33:01
353,Mao,39.8885,4.2658,53.6,94,75,2.3,ES,2021-04-24 00:33:01
354,San Miguel De Cauri,-10.1,-76.5833,46.0,91,94,1.63,PE,2021-04-24 00:33:02
355,Severo-Kurilsk,50.6789,156.125,37.85,86,100,6.85,RU,2021-04-24 00:33:02
356,Itaguai,-22.8522,-43.7753,73.99,83,40,4.61,BR,2021-04-24 00:33:03
357,Fuerte Olimpo,-21.0415,-57.8738,79.48,45,75,5.08,PY,2021-04-24 00:33:03
358,Ribeira Grande,38.5167,-28.7,58.51,78,97,27.36,PT,2021-04-24 00:33:03
359,Atar,20.5169,-13.0499,78.78,14,0,6.22,MR,2021-04-24 00:33:04
360,Ulaangom,49.9811,92.0667,34.05,62,61,2.06,MN,2021-04-24 00:33:04
361,Codo,-4.4553,-43.8856,74.05,96,100,2.95,BR,2021-04-24 00:33:05
362,Nizhniy Baskunchak,48.2198,46.8311,48.99,83,100,8.72,RU,2021-04-24 00:33:05
363,Primorsk,46.7348,36.3443,48.97,86,98,12.86,UA,2021-04-24 00:33:05
364,Khorixas,-20.3667,14.9667,70.25,42,11,6.26,NA,2021-04-24 00:33:06
365,Pinega,64.7001,43.3936,45.07,85,100,9.22,RU,2021-04-24 00:33:06
366,Martapura,-3.4167,114.85,78.8,83,4,2.3,ID,2021-04-24 00:33:07
367,Nuuk,64.1835,-51.7216,30.2,100,75,10.36,GL,2021-04-24 00:33:07
368,Xinyu,27.8043,114.9334,66.47,88,100,6.71,CN,2021-04-24 00:33:07
369,Iquitos,-3.7481,-73.2472,77.0,94,40,3.44,PE,2021-04-24 00:33:08
370,Dingle,10.9995,122.6711,86.83,60,97,8.1,PH,2021-04-24 00:33:08
371,Betong,5.7743,101.0723,76.26,88,93,2.71,TH,2021-04-24 00:33:09
372,Eenhana,-17.4667,16.3333,64.4,55,5,4.61,NA,2021-04-24 00:33:09
373,Lake Wales,27.9014,-81.5859,73.4,64,1,13.8,US,2021-04-24 00:33:09
374,Bathsheba,13.2167,-59.5167,80.6,61,40,16.11,BB,2021-04-24 00:33:10
375,Richards Bay,-28.783,32.0377,65.28,70,94,14.63,ZA,2021-04-24 00:33:10
376,Azoyu,16.7167,-98.7333,79.95,58,100,4.72,MX,2021-04-24 00:33:11
377,Honningsvag,70.9821,25.9704,32.86,62,93,17.16,NO,2021-04-24 00:31:30
378,Mar Del Plata,-38.0023,-57.5575,69.01,88,75,6.91,AR,2021-04-24 00:30:00
379,Agua Branca,-5.8922,-42.6361,72.63,94,82,3.6,BR,2021-04-24 00:33:12
380,Poya,-21.35,165.15,81.3,73,100,4.74,NC,2021-04-24 00:33:12
381,Charters Towers,-20.1,146.2667,66.34,86,100,10.96,AU,2021-04-24 00:33:12
382,Chipinge,-20.1883,32.6236,55.0,88,0,2.28,ZW,2021-04-24 00:33:13
383,Sarreguemines,49.0833,7.3333,44.6,57,0,9.22,FR,2021-04-24 00:33:13
384,Tsumeb,-19.2333,17.7167,50.0,76,5,3.44,NA,2021-04-24 00:33:13
385,La Ronge,55.1001,-105.2842,30.2,34,95,12.66,CA,2021-04-24 00:33:14
386,Rincon,32.296,-81.2354,66.2,52,40,10.36,US,2021-04-24 00:29:41
387,Medicine Hat,50.0501,-110.6683,43.0,26,75,3.44,CA,2021-04-24 00:33:15
388,Faanui,-16.4833,-151.75,79.9,75,100,10.51,PF,2021-04-24 00:33:15
389,Rantauprapat,2.1,99.8333,75.02,96,100,1.41,ID,2021-04-24 00:33:15
390,Ishigaki,24.3448,124.1572,75.2,69,20,20.71,JP,2021-04-24 00:33:16
391,Lavrentiya,65.5833,-171.0,33.22,82,1,3.58,RU,2021-04-24 00:33:16
392,Ostrovnoy,68.0531,39.5131,32.27,95,100,23.76,RU,2021-04-24 00:33:17
393,Namibe,-15.1961,12.1522,77.49,78,26,3.06,AO,2021-04-24 00:33:17
394,Nigde,37.8333,34.75,49.19,34,0,3.02,TR,2021-04-24 00:33:17
395,Adelaide,-34.9333,138.6,64.0,67,40,9.22,AU,2021-04-24 00:30:08
396,Okhotsk,59.3833,143.3,26.26,61,3,20.13,RU,2021-04-24 00:33:18
397,Shubarshi,48.5872,57.1869,49.82,63,99,8.61,KZ,2021-04-24 00:33:18
398,Devils Lake,48.1128,-98.8651,37.4,32,1,11.5,US,2021-04-24 00:33:19
399,Gomel,52.4345,30.9754,35.6,87,20,13.42,BY,2021-04-24 00:33:19
400,Bitung,1.4451,125.1824,86.0,70,20,1.14,ID,2021-04-24 00:33:20
401,Charlestown,-32.95,151.6667,71.01,61,12,3.13,AU,2021-04-24 00:33:20
402,Tehachapi,35.1322,-118.449,69.01,27,0,4.0,US,2021-04-24 00:30:01
403,Waounde,15.2637,-12.8682,86.0,30,0,4.61,SN,2021-04-24 00:33:21
404,Aswan,24.0934,32.907,80.1,10,0,11.99,EG,2021-04-24 00:31:50
405,Xining,36.6167,101.7667,42.19,92,100,4.21,CN,2021-04-24 00:33:21
406,Batemans Bay,-35.7167,150.1833,64.99,49,46,2.84,AU,2021-04-24 00:33:08
407,Turukhansk,65.8167,87.9833,28.65,92,14,14.16,RU,2021-04-24 00:33:22
408,Trelew,-43.249,-65.3051,54.84,62,1,13.4,AR,2021-04-24 00:32:14
409,Marawi,7.9986,124.2928,82.99,79,100,1.01,PH,2021-04-24 00:33:22
410,Marshall,34.3834,-86.3333,60.8,48,1,5.17,US,2021-04-24 00:33:23
411,Chandia,23.65,80.7,80.74,16,100,7.74,IN,2021-04-24 00:33:23
412,Chapais,49.7834,-74.8492,46.4,39,1,8.05,CA,2021-04-24 00:29:42
413,Papayal,-4.0761,-80.7361,75.06,81,93,1.83,PE,2021-04-24 00:33:24
414,Serowe,-22.3833,26.7167,59.56,38,0,4.03,BW,2021-04-24 00:33:24
415,Grants,35.1473,-107.8514,62.6,13,75,24.16,US,2021-04-24 00:33:24
416,Rio Gallegos,-51.6226,-69.2181,50.0,66,75,4.61,AR,2021-04-24 00:33:25
417,Ancud,-41.8697,-73.8203,51.01,93,0,3.44,CL,2021-04-24 00:33:25
418,Locri,38.2414,16.2623,57.0,100,90,8.05,IT,2021-04-24 00:33:25
419,Ponta Delgada,37.7333,-25.6667,57.2,72,20,12.66,PT,2021-04-24 00:32:57
420,Mount Gambier,-37.8333,140.7667,57.2,94,75,8.05,AU,2021-04-24 00:32:24
421,Steamboat Springs,40.485,-106.8317,48.2,43,90,9.22,US,2021-04-24 00:29:21
422,Akdagmadeni,39.6603,35.8836,49.14,36,7,4.18,TR,2021-04-24 00:33:26
423,Kazanka,47.8462,32.8218,37.4,93,0,8.95,UA,2021-04-24 00:33:27
424,Srednekolymsk,67.45,153.6833,14.92,91,100,20.09,RU,2021-04-24 00:33:27
425,Pochutla,15.7432,-96.4661,82.99,65,90,9.22,MX,2021-04-24 00:33:28
426,Topolobampo,25.6,-109.05,82.99,36,1,14.97,MX,2021-04-24 00:33:28
427,Kasongo,-4.45,26.6667,68.04,98,100,3.09,CD,2021-04-24 00:33:29
428,Kainantu,-6.2887,145.8655,67.01,78,100,1.52,PG,2021-04-24 00:33:29
429,Saint-Francois,46.4154,3.9054,42.01,75,0,3.44,FR,2021-04-24 00:33:30
430,Faya,18.3851,42.4509,64.4,36,0,1.77,SA,2021-04-24 00:33:30
431,Guymon,36.6828,-101.4816,55.4,71,90,17.27,US,2021-04-24 00:33:30
432,Smithers,54.7804,-127.1743,59.0,20,40,3.44,CA,2021-04-24 00:33:31
433,Gallatin,45.6666,-111.2008,45.0,53,90,2.3,US,2021-04-24 00:33:31
434,Pundaguitan,6.3711,126.1689,83.68,69,62,8.66,PH,2021-04-24 00:31:47
435,Anchorage,61.2181,-149.9003,60.8,20,1,8.05,US,2021-04-24 00:33:32
436,Port-Gentil,-0.7193,8.7815,81.21,79,100,6.82,GA,2021-04-24 00:33:32
437,Weihe,32.9952,105.3247,53.96,91,100,4.56,CN,2021-04-24 00:33:33
438,Sabha,27.0377,14.4283,79.27,16,58,11.61,LY,2021-04-24 00:33:33
439,Pauini,-7.7136,-66.9764,73.67,97,100,1.3,BR,2021-04-24 00:33:34
440,Mahibadhoo,3.7833,72.9667,83.8,67,62,10.83,MV,2021-04-24 00:33:34
441,Aguimes,27.9054,-15.4461,69.8,68,75,9.22,ES,2021-04-24 00:33:34
442,Straumen,63.8709,11.2999,35.01,86,75,16.11,NO,2021-04-24 00:33:35
443,Tres Palos,18.1833,-101.6167,84.2,65,40,4.85,MX,2021-04-24 00:33:35
444,Kabinda,-6.1333,24.4833,67.66,88,93,1.92,CD,2021-04-24 00:30:23
445,Rio Brilhante,-21.8019,-54.5464,71.64,45,23,5.77,BR,2021-04-24 00:33:36
446,Bojnurd,37.4747,57.329,53.6,82,75,6.91,IR,2021-04-24 00:33:36
447,North Bend,43.4065,-124.2243,54.0,71,75,6.91,US,2021-04-24 00:29:02
448,Darhan,49.4867,105.9228,34.95,69,100,5.23,MN,2021-04-24 00:33:37
449,Necochea,-38.5473,-58.7368,60.01,96,100,3.49,AR,2021-04-24 00:33:37
450,Cape Coast,5.1053,-1.2466,82.02,84,100,9.08,GH,2021-04-24 00:33:38
451,Sinnamary,5.3833,-52.95,77.83,89,100,12.77,GF,2021-04-24 00:33:38
452,Beringovskiy,63.05,179.3167,28.45,85,99,5.73,RU,2021-04-24 00:29:41
453,Verkhnevilyuysk,63.4453,120.3167,30.18,89,99,4.38,RU,2021-04-24 00:33:39
454,Kankon,15.0167,74.0167,80.6,83,20,4.61,IN,2021-04-24 00:33:39
455,Montbrison,45.6667,4.0833,42.8,81,0,2.3,FR,2021-04-24 00:33:39
456,Hovd,48.0056,91.6419,33.73,27,3,2.82,MN,2021-04-24 00:33:40
457,Fort Nelson,58.8053,-122.7002,35.6,41,75,5.75,CA,2021-04-24 00:33:40
458,Bonfim,3.0833,-59.95,80.46,69,85,9.42,BR,2021-04-24 00:33:40
459,Palu,-0.8917,119.8707,86.7,61,48,0.34,ID,2021-04-24 00:32:52
460,Taoudenni,22.6783,-3.9836,87.49,7,0,8.01,ML,2021-04-24 00:33:41
461,Lompoc,34.6391,-120.4579,59.0,63,2,16.11,US,2021-04-24 00:32:46
462,Yar-Sale,66.8333,70.8333,32.14,98,95,9.13,RU,2021-04-24 00:33:42
463,Arenys De Mar,41.5819,2.5494,55.99,75,78,4.56,ES,2021-04-24 00:33:42
464,Safut,32.0336,35.8332,73.4,28,40,2.55,JO,2021-04-24 00:33:42
465,Hammerfest,70.6634,23.6821,32.0,69,75,11.5,NO,2021-04-24 00:33:43
466,Nipawin,53.3668,-104.0009,37.4,28,75,5.75,CA,2021-04-24 00:30:34
467,Pathein,16.7833,94.7333,84.94,64,93,10.51,MM,2021-04-24 00:30:51
468,Sembabule,-0.0772,31.4567,61.23,93,65,2.17,UG,2021-04-24 00:33:43
469,San Patricio,28.017,-97.5169,82.4,78,1,21.85,US,2021-04-24 00:33:04
470,Carauari,-4.8828,-66.8958,74.37,94,32,1.77,BR,2021-04-24 00:32:43
471,Coffs Harbour,-30.3,153.1333,69.8,56,21,6.91,AU,2021-04-24 00:29:43
472,Cody,44.5263,-109.0565,41.0,75,90,4.61,US,2021-04-24 00:30:45
473,Beyneu,45.3167,55.2,48.58,88,0,11.21,KZ,2021-04-24 00:33:45
474,Lieksa,63.3167,30.0167,27.66,97,41,4.21,FI,2021-04-24 00:33:45
475,Camocim,-2.9022,-40.8411,76.51,90,48,9.98,BR,2021-04-24 00:33:45
476,Gurupa,-1.405,-51.64,74.75,94,95,2.68,BR,2021-04-24 00:33:46
477,Itarema,-2.9248,-39.9167,78.53,83,58,9.13,BR,2021-04-24 00:33:46
478,Luwuk,-0.9516,122.7875,81.9,78,86,3.85,ID,2021-04-24 00:33:46
479,Yaan,7.3833,8.5667,76.69,83,100,8.84,NG,2021-04-24 00:33:47
480,Umm Lajj,25.0213,37.2685,79.25,64,0,8.97,SA,2021-04-24 00:33:47
481,Awjilah,29.1081,21.2869,74.7,16,88,14.92,LY,2021-04-24 00:33:48
482,Nishiwaki,34.9833,134.9667,62.6,77,75,5.75,JP,2021-04-24 00:33:48
483,Nanortalik,60.1432,-45.2371,35.96,88,8,3.31,GL,2021-04-24 00:32:31
484,Porbandar,21.6422,69.6093,80.33,81,100,7.99,IN,2021-04-24 00:33:48
485,Khani,41.9563,42.9566,53.6,58,0,9.22,GE,2021-04-24 00:33:49
486,Kingston,17.997,-76.7936,80.6,78,20,11.5,JM,2021-04-24 00:33:49
487,Marsa Matruh,31.3525,27.2453,57.2,88,40,3.44,EG,2021-04-24 00:33:50
488,Chernoyerkovskaya,45.4331,37.7686,51.8,82,94,11.18,RU,2021-04-24 00:33:50
489,Shingu,33.7333,135.9833,62.6,67,75,4.61,JP,2021-04-24 00:33:50
490,Gat,31.61,34.7642,66.99,100,72,3.27,IL,2021-04-24 00:33:51
491,Tagcatong,9.0022,125.2569,84.43,65,100,3.04,PH,2021-04-24 00:33:51
492,Ariano Irpino,41.1489,15.0833,39.2,87,90,16.11,IT,2021-04-24 00:33:52
493,Kembe,4.6228,21.8865,67.37,97,100,2.55,CF,2021-04-24 00:33:52
494,Kota Kinabalu,5.9749,116.0724,82.4,78,20,3.44,MY,2021-04-24 00:33:53
495,Dzemul,21.2,-89.3,93.2,33,1,14.97,MX,2021-04-24 00:33:53
496,Hofn,64.2539,-15.2082,44.55,78,100,5.12,IS,2021-04-24 00:33:53
497,Mezhdurechensk,53.6942,88.0603,32.97,79,100,0.47,RU,2021-04-24 00:33:54
498,Pacific Grove,36.6177,-121.9166,59.0,58,75,10.36,US,2021-04-24 00:33:38
499,Kurmanayevka,52.5093,52.0675,44.62,95,100,5.66,RU,2021-04-24 00:33:54
500,Walvis Bay,-22.9575,14.5053,61.0,82,3,4.61,NA,2021-04-24 00:33:45
501,Olonets,60.9847,32.9698,32.83,89,8,5.66,RU,2021-04-24 00:33:55
502,Brindisi,40.5833,17.6667,55.99,92,100,11.03,IT,2021-04-24 00:33:55
503,Mildura,-34.2,142.15,63.0,51,0,4.61,AU,2021-04-24 00:33:56
504,Ashti,19.3833,76.2333,84.51,30,75,3.31,IN,2021-04-24 00:33:56
505,Tucuman,-26.8241,-65.2226,68.0,94,90,3.74,AR,2021-04-24 00:33:57
506,Sault Sainte Marie,46.5168,-84.3333,51.8,37,20,8.05,CA,2021-04-24 00:30:08
507,Bataipora,-22.2953,-53.2711,69.76,43,0,5.1,BR,2021-04-24 00:33:57
508,Gasa,31.5,34.4667,66.99,100,41,6.96,PS,2021-04-24 00:33:58
509,Vao,-22.6667,167.4833,75.79,75,56,12.59,NC,2021-04-24 00:33:58
510,Teya,60.3778,92.6267,33.1,85,14,2.21,RU,2021-04-24 00:33:59
511,Oruro,-17.9833,-67.15,46.81,64,97,9.37,BO,2021-04-24 00:33:59
512,Nkhata Bay,-11.6066,34.2907,69.55,83,7,4.25,MW,2021-04-24 00:33:59
513,Odesskoye,54.2111,72.9651,34.59,63,100,7.38,RU,2021-04-24 00:34:00
514,Sao Gabriel Da Cachoeira,-0.1303,-67.0892,74.79,96,88,1.81,BR,2021-04-24 00:29:01
515,Onega,63.9061,38.1404,38.71,95,100,4.43,RU,2021-04-24 00:34:00
516,Kangaatsiaq,68.3065,-53.4641,28.67,82,100,5.44,GL,2021-04-24 00:34:01
517,Mehamn,71.0357,27.8492,32.11,69,99,15.55,NO,2021-04-24 00:33:42
518,Chumikan,54.7183,135.315,36.01,61,95,16.22,RU,2021-04-24 00:34:01
519,Hay River,60.8156,-115.7999,21.2,68,97,6.91,CA,2021-04-24 00:30:08
520,Hatillo,18.4863,-66.8254,73.99,94,90,4.59,PR,2021-04-24 00:34:02
521,Mackenzie,55.2999,-123.1698,44.6,42,20,10.36,CA,2021-04-24 00:34:02
522,Tessalit,20.1986,1.0114,84.58,8,0,7.14,ML,2021-04-24 00:34:03
523,Constitucion,-35.3333,-72.4167,55.24,80,0,10.45,CL,2021-04-24 00:31:44
524,Odweyne,9.4092,45.064,71.69,57,100,3.15,SO,2021-04-24 00:34:04
525,Labuhan,-6.8844,112.2051,80.13,74,2,5.01,ID,2021-04-24 00:34:04
526,Batagay-Alyta,67.8006,130.4114,14.47,73,15,3.62,RU,2021-04-24 00:34:04
527,Tamiahua,21.2667,-97.45,76.71,89,11,17.05,MX,2021-04-24 00:34:05
528,Port Lincoln,-34.7333,135.8667,63.19,60,49,5.97,AU,2021-04-24 00:34:05
529,Adre,13.4667,22.2,79.27,18,24,8.32,TD,2021-04-24 00:34:06
530,Yartsevo,55.0667,32.6964,32.04,89,16,3.94,RU,2021-04-24 00:34:06
531,Lingao,19.9103,109.6859,82.49,71,3,8.34,CN,2021-04-24 00:34:07
532,Daru,-9.0763,143.2092,85.57,67,23,5.84,PG,2021-04-24 00:34:07
533,Amahai,-3.3333,128.9167,83.84,71,44,4.74,ID,2021-04-24 00:34:07
534,Neiafu,-18.65,-173.9833,84.2,70,20,5.75,TO,2021-04-24 00:34:08
535,Coahuayana,18.7333,-103.6833,84.2,32,1,11.5,MX,2021-04-24 00:33:36
536,Bograd,54.2344,90.8328,28.4,59,0,4.47,RU,2021-04-24 00:33:06
537,Burnie,-41.0667,145.9167,59.0,71,100,8.01,AU,2021-04-24 00:32:45
538,Poum,-20.2333,164.0167,79.75,76,100,5.59,NC,2021-04-24 00:34:09
539,Fram,-26.9833,-55.8833,77.0,65,0,3.44,PY,2021-04-24 00:34:09
540,Mitsamiouli,-11.3847,43.2844,80.62,79,65,14.09,KM,2021-04-24 00:34:10
541,Leczna,51.3012,22.8814,33.8,100,0,8.05,PL,2021-04-24 00:34:10
542,Otradnoye,59.7775,30.8181,37.0,86,40,2.24,RU,2021-04-24 00:34:10
543,Kailua,21.4022,-157.7394,82.4,65,75,18.41,US,2021-04-24 00:34:11
544,Sangar,63.9242,127.4739,25.45,85,100,8.84,RU,2021-04-24 00:33:12
545,Kamenka,51.3223,42.7678,41.0,95,98,7.65,RU,2021-04-24 00:34:11
546,Grand-Lahou,5.1367,-5.0242,82.27,80,100,10.0,CI,2021-04-24 00:34:12
547,Rio Branco,-9.9747,-67.81,75.2,100,0,2.3,BR,2021-04-24 00:29:40
548,Vetlanda,57.4289,15.0776,35.01,60,20,5.75,SE,2021-04-24 00:34:12
549,Mairipora,-23.3186,-46.5867,64.4,82,75,3.44,BR,2021-04-24 00:34:13
550,Vagur,61.4732,-6.8119,45.18,87,96,4.03,FO,2021-04-24 00:34:13
551,Yulara,-25.2406,130.9889,66.2,42,0,10.36,AU,2021-04-24 00:34:13
552,Zhigansk,66.7697,123.3711,19.99,77,100,5.57,RU,2021-04-24 00:34:14
553,Cayenne,4.9333,-52.3333,78.01,100,90,2.3,GF,2021-04-24 00:34:14
554,Qaqortoq,60.7167,-46.0333,39.2,65,3,2.3,GL,2021-04-24 00:29:39
555,Kuching,1.55,110.3333,78.8,89,20,3.44,MY,2021-04-24 00:34:15
556,Yunyang,33.4474,112.7142,52.61,91,100,12.1,CN,2021-04-24 00:34:15
557,Wattegama,6.7989,81.4808,75.7,89,10,2.17,LK,2021-04-24 00:34:16
558,Fairbanks,64.8378,-147.7164,59.0,22,1,9.22,US,2021-04-24 00:30:24
559,Oros,-6.2444,-38.9136,73.99,75,89,3.53,BR,2021-04-24 00:34:16
560,Sept-Iles,50.2001,-66.3821,35.01,100,90,4.61,CA,2021-04-24 00:34:17
561,Wanning,18.8003,110.3967,82.0,74,10,10.96,CN,2021-04-24 00:31:02
562,Jiaojiang,28.6803,121.4428,71.01,84,100,3.76,CN,2021-04-24 00:34:17
563,Mbuyapey,-26.2,-56.75,66.15,85,100,2.24,PY,2021-04-24 00:34:18
564,Elbistan,38.2059,37.1983,56.01,33,100,1.86,TR,2021-04-24 00:34:18
565,Bernau,52.6798,13.5871,46.99,59,100,5.99,DE,2021-04-24 00:34:18
566,Aykhal,66.0,111.5,32.58,84,18,8.88,RU,2021-04-24 00:33:14
567,Valparaiso,-33.0393,-71.6273,59.0,77,40,5.75,CL,2021-04-24 00:31:29
568,Moindou,-21.6924,165.677,86.0,66,0,4.61,NC,2021-04-24 00:34:19
569,Ashqelon,31.6693,34.5715,66.99,100,53,1.01,IL,2021-04-24 00:34:20
570,Del Rio,29.3627,-100.8968,93.2,20,1,6.91,US,2021-04-24 00:34:20
571,Valleyview,55.0667,-117.2859,41.0,20,58,6.91,CA,2021-04-24 00:34:20
572,Kifri,34.6959,44.9661,74.61,13,7,6.8,IQ,2021-04-24 00:34:21
573,Miraflores,19.2167,-98.8083,78.8,21,40,13.8,MX,2021-04-24 00:33:11
574,Morondava,-20.2833,44.2833,74.64,81,0,6.62,MG,2021-04-24 00:34:21
575,Slave Lake,55.2834,-114.769,37.4,44,1,11.5,CA,2021-04-24 00:33:24
